distance,duration
918.093566,0.643990
737.335840,0.614981
507.560571,0.617997
803.495198,0.714043
387.469893,0.419988
159.307136,0.148997
514.487002,0.482979
344.330600,0.473039
364.398645,0.296990
328.059666,0.430001
574.009062,0.646993
276.899495,1.262997
71.828427,0.181986
253.970563,0.646995
418.610897,0.428988
1410.228325,0.761996
291.991533,0.523992
375.278253,0.483994
655.802475,0.666000
486.665239,0.883051
85.556349,0.555993
463.668530,0.482000
634.846241,1.827989
194.342194,0.600005
261.177193,0.495004
254.369932,0.327996
678.749463,1.069985
378.782708,0.469006
85.000000,1.423006
231.411357,0.268000
245.633762,0.485024
93.798990,0.169994
304.442252,0.210005
532.179958,0.857993
284.980909,0.434009
551.006742,0.786000
667.785462,1.931990
235.071068,0.680996
124.313708,0.313999
603.401236,1.012997
86.242641,0.370996
710.709335,0.677998
596.672209,0.555000
182.724786,0.200998
659.895871,0.508998
464.879123,0.433001
187.755455,0.280000
331.690298,0.446998
138.727922,0.561001
178.837194,0.281003
457.325902,1.847987
167.959612,0.143995
817.067259,2.158996
308.732591,0.789997
70.071068,0.325003
451.461458,0.481998
428.015401,0.445997
86.828427,0.617003
260.792417,0.971992
262.442699,0.874996
340.281135,0.746994
438.474930,0.328002
111.064495,0.176003
1513.502924,1.695992
755.773418,0.465043
50.899495,0.297995
607.594145,0.472998
952.074345,0.693000
530.964570,0.893994
428.575059,0.454992
283.669048,0.805996
211.384776,0.679998
300.461475,0.386999
387.029112,0.915994
419.389735,0.849991
100.414214,1.084997
307.983998,0.405998
84.899495,0.397998
189.963990,0.759994
270.232932,0.598998
255.179283,0.347001
145.899495,0.761999
317.379736,0.460000
671.352389,0.979987
264.726970,0.875998
117.284271,0.232996
275.812425,0.945998
192.035058,0.606990
394.188455,0.734991
71.656854,0.194002
553.574897,0.396994
280.613319,0.506996
1425.719541,1.910998
443.009099,0.464990
271.579311,0.191987
543.275153,0.718003
412.059380,0.581992
747.460105,0.491984
412.450814,0.510998
1527.321431,5.609989
264.976183,0.504996
420.400116,0.955000
347.881895,0.719987
419.524056,0.647012
123.656854,0.199000
109.899495,0.181002
479.719732,0.361995
187.028485,0.442001
164.649329,0.358022
1766.299173,1.401937
462.696581,1.031991
679.607194,1.011996
234.543504,0.184994
681.907082,0.618990
584.341003,0.967007
482.454374,0.915997
591.263219,1.314000
430.327144,0.641995
557.681379,1.034003
432.919275,0.598996
84.656854,0.381997
71.242641,0.216993
435.440028,0.827997
175.396028,0.151992
644.653998,1.560995
181.976886,0.138995
74.899495,0.174001
402.733516,0.286004
391.774221,0.876997
50.000000,0.636000
213.564164,0.308003
64.414214,0.323988
282.083261,0.578993
109.213203,0.346999
269.649676,0.214004
365.997144,0.665006
248.553493,0.317991
348.231028,1.067995
279.081367,0.759999
485.009957,1.319996
143.859367,0.066990
551.657445,0.846000
423.485333,0.611002
150.071068,0.927996
314.219124,0.642004
618.892571,1.076000
540.445183,0.901985
171.384776,0.298998
285.761076,0.362997
633.200348,1.071002
392.712221,0.481007
496.490240,1.373998
906.961486,1.616990
349.631133,0.619001
210.471184,0.446000
211.820902,0.483009
396.232270,1.200993
510.293608,0.748996
429.733833,0.565000
350.457406,0.304993
541.542684,0.493001
92.071068,0.532989
614.412382,0.492006
875.666777,0.884986
309.555397,0.525993
448.170562,0.433997
647.341861,0.592996
566.110276,0.580992
603.447801,0.660991
844.799270,0.700991
669.643705,0.468993
139.485281,0.377997
547.044233,0.834991
295.241584,0.194989
192.753271,0.428036
585.607402,0.411953
556.968477,0.586986
228.726970,0.615998
503.209373,0.378990
309.307745,0.429995
297.607989,0.307969
801.797879,0.675037
636.753085,0.397989
625.382062,0.722994
426.015835,0.285995
255.080486,0.135989
82.312756,0.125003
136.956465,0.343996
266.859038,0.135996
128.149951,0.162004
86.601126,0.099993
708.564719,0.321991
672.390244,0.398996
342.057561,0.320995
1227.363382,0.953967
459.927980,0.677999
918.890630,0.875996
711.878738,0.524996
381.843859,0.265996
266.086698,0.286992
1003.472858,0.409040
684.793626,0.567996
855.922453,0.664998
559.132355,0.486000
651.426407,1.521985
149.242641,0.251999
93.242641,0.379995
620.335093,1.071994
89.213203,0.168997
511.171387,0.672997
91.378204,0.197992
646.534775,0.494990
154.827475,0.222998
177.315903,0.217994
222.334669,0.388992
760.072586,0.390962
289.498280,0.242987
232.274001,0.126989
210.577090,0.145991
208.853672,0.170957
400.444140,0.410984
301.119043,0.604999
525.769970,0.571996
139.740115,0.188987
86.355339,0.218996
133.485281,0.575005
976.352612,0.818995
427.162969,0.214009
115.313708,0.431994
942.788041,0.519994
83.414214,1.505996
751.236424,0.673006
977.437887,0.912002
402.020298,0.526996
474.516342,0.641001
154.071068,0.394986
107.384776,0.322993
109.071068,0.342997
130.856912,0.211003
99.371631,0.183997
378.805129,0.359997
536.751996,0.505971
1014.580904,0.583998
586.858266,0.451002
571.537688,0.366002
119.441747,0.129990
1085.682483,0.660998
511.161765,0.364981
476.211577,0.315000
470.967341,0.329981
481.085258,0.410994
232.234164,0.373992
386.557141,0.231007
899.035473,0.712958
351.899785,0.662999
690.387692,0.561995
331.418731,0.200992
916.814488,0.480970
449.617354,0.246007
410.612812,0.231002
698.618734,1.030017
127.733543,0.282998
254.335621,0.267999
673.289481,0.799002
1373.473646,1.087959
923.282779,0.805002
249.934553,0.279004
206.357533,0.368993
317.060488,0.227991
491.098296,0.444008
683.623285,0.409953
497.760503,0.529997
1148.901274,0.941985
309.727922,2.750997
308.627417,0.836000
250.820902,0.585998
1224.847483,2.185006
629.183766,1.810004
347.636184,0.967002
370.183019,0.320001
582.217385,0.283954
88.455844,0.188994
1213.595047,1.754002
131.142136,0.506004
234.485281,1.430002
122.384776,0.806001
162.041631,0.642993
196.071068,1.378008
191.254834,0.968055
953.065574,1.272001
75.828427,0.554999
149.348766,0.256950
50.142136,0.144990
99.213203,0.375033
192.286466,0.395995
327.587029,0.662000
75.549776,0.427002
74.828427,0.195000
69.071068,0.305997
71.656854,0.227998
58.000000,0.140996
65.485281,0.385009
86.727922,0.389996
94.299611,0.134999
115.106126,0.293997
653.024677,0.977013
672.485962,0.998993
533.526912,2.342003
500.746460,0.658989
294.313708,1.011006
499.290723,0.688006
121.899495,0.141990
783.380215,0.857001
770.685497,0.431979
83.455844,0.211006
72.892922,0.280009
433.099308,0.327993
528.917853,0.428995
213.177193,0.859999
479.428182,0.397974
272.384444,0.193993
60.414214,1.094959
440.321854,0.300988
893.692492,1.661010
803.871691,1.129005
1386.209415,1.987998
529.656556,0.742997
346.794569,0.349990
446.062956,1.006996
128.142136,0.183996
656.708008,0.388991
283.556349,0.409003
302.347814,0.417008
284.672194,0.449998
560.285122,0.547002
94.649329,0.316001
286.216112,0.307999
97.206631,0.323051
294.549962,0.309996
84.342194,0.113010
273.648283,0.530997
148.870058,0.352999
466.031000,0.357998
148.619892,0.209000
365.661607,0.233994
139.342194,0.191992
387.146138,0.272992
170.784892,0.235997
379.358972,0.358994
163.471184,0.229000
1497.409179,1.022995
500.348766,1.618996
137.899495,0.738000
129.556349,0.394989
793.467584,0.958995
430.769019,0.324995
192.863485,0.206988
143.756407,0.142991
405.014388,0.619004
695.782470,0.701001
131.292086,0.144992
141.548824,0.257999
542.583704,0.726053
127.242641,0.283002
692.036291,1.888046
504.801222,0.425004
410.320571,0.552999
492.507122,0.441993
284.486682,0.120990
329.048409,0.314004
748.340516,0.587985
131.142136,0.532993
128.556349,0.514998
775.938590,0.728007
443.784158,0.482992
468.759535,0.211993
189.225407,0.164996
166.564588,0.197998
178.371921,0.161996
499.865397,0.262992
461.791402,0.650003
526.632386,0.815996
192.414214,0.402999
386.371598,0.554046
977.361074,1.009006
500.989339,1.040000
88.485281,0.311996
100.727922,0.148004
107.307136,0.164002
159.798990,0.408997
129.656854,0.363004
390.161749,0.363997
537.755906,0.687994
527.591767,0.598000
521.867759,0.410001
189.071068,0.254991
307.698485,1.154992
200.242641,0.606996
126.455844,0.261995
573.183724,0.312996
154.213203,0.579031
125.792417,0.159998
346.288660,0.425999
130.721349,0.190951
193.958660,0.238999
1016.476392,1.003991
380.356258,0.477987
962.737520,0.614005
182.992812,0.175947
819.281652,0.614999
86.135563,0.210008
420.530359,0.446996
323.136058,0.279002
376.062090,0.310000
874.995383,1.148999
63.899495,0.392996
359.303692,0.177953
361.194186,0.187988
382.626990,0.181990
521.853417,0.318002
408.894601,0.273007
404.989401,0.348997
1096.607465,1.271003
204.351251,0.265959
247.481089,0.193995
165.982662,0.148000
472.422118,0.227995
499.108328,0.456992
849.002642,0.578992
768.949747,0.550002
119.473378,0.119000
239.321523,0.274989
1262.028038,1.538034
715.097326,0.587974
721.454385,0.509993
446.365015,0.271003
532.714320,0.373980
366.541072,0.385996
705.616977,0.365997
178.386019,0.513002
336.109862,0.512987
115.970563,0.180988
722.728997,0.449993
596.611682,0.368045
148.698485,0.334038
445.685554,0.265941
563.719714,0.328999
380.287278,0.384000
339.819698,0.449005
384.942147,0.757997
534.447433,0.471997
481.913144,0.412998
190.547882,0.145990
190.236358,0.226993
564.019946,0.259001
186.367543,0.178997
1031.256732,0.899006
607.545107,0.293994
403.055339,0.362046
493.571198,0.415994
87.899495,0.322001
947.699151,0.887947
446.440583,0.427999
346.087617,0.503997
314.615514,0.248000
732.303547,0.560994
481.696969,0.326002
440.173850,0.301995
143.071068,0.279006
907.028620,0.863993
403.017058,0.395949
539.644325,0.630996
543.537356,0.320992
159.384776,0.274993
440.072315,0.356998
178.257980,0.166985
146.826523,0.212994
511.727431,0.365960
383.262984,0.274991
533.194742,0.418994
302.717861,0.448998
412.468670,0.734002
134.378204,0.240999
312.926370,0.162994
501.576658,0.439005
455.112170,0.427998
948.904384,1.687001
311.024387,0.940010
306.887592,0.405999
271.602368,0.615992
867.911779,0.554004
548.217354,1.027007
201.971805,0.212006
725.434802,0.781991
787.032502,0.934007
720.094110,0.603995
1203.921645,0.961999
217.564164,0.305994
160.870058,0.221004
499.766696,0.863997
229.872252,0.231998
156.021912,0.191992
609.075165,0.435001
571.912469,0.447994
440.246458,0.251039
933.643057,0.839986
615.365051,0.480994
269.725076,0.232995
486.452684,0.313043
565.205352,0.354999
427.661385,0.482991
642.539539,0.608991
427.924029,0.326998
651.571880,0.909995
434.383130,0.252001
400.675392,0.336952
395.581988,0.472999
306.771747,0.432006
190.235116,0.361001
91.384776,0.510996
320.883503,0.894046
144.978802,0.199002
55.414214,0.243988
148.365058,0.246998
123.071068,0.234010
127.959612,0.182984
130.957417,0.183006
124.485281,0.182007
117.656854,0.246997
111.828427,0.223005
1758.397653,1.208003
527.961134,0.712992
157.656854,0.165984
156.442699,0.264010
146.128990,0.154993
409.384248,0.604995
262.571689,0.450000
169.485281,0.182998
289.273320,0.562003
205.792417,0.345999
247.469280,0.306005
1730.414508,1.242993
294.304279,0.504938
145.798990,0.325004
519.877479,0.340945
444.166220,0.414997
335.260755,0.332988
439.326492,0.436999
769.750471,0.728998
974.298159,0.529991
536.089169,0.510995
149.485281,0.269989
135.650282,0.261001
137.485281,0.259998
108.071068,0.261005
139.520339,0.294004
445.812715,0.761000
197.706300,0.400006
1310.013270,1.608998
256.426407,0.851994
73.242641,0.198004
169.485281,0.361999
123.242641,0.261991
153.614272,0.265994
104.828427,0.265006
165.762980,0.282001
167.698485,0.463989
203.633038,0.404003
1462.114084,1.346009
217.908447,0.220994
588.986181,0.993994
193.755455,0.240990
359.528404,0.177992
363.051072,0.318998
267.477858,0.347058
316.943792,0.176999
62.556349,0.150999
351.075114,0.334999
136.863485,0.315987
482.525308,0.725993
353.030151,0.450008
496.706279,0.410988
553.173187,0.490002
622.873727,0.345996
342.611631,0.286998
276.958960,0.360002
431.095291,0.337007
256.976908,0.404000
205.218834,0.195003
328.962436,0.298997
190.422981,0.195002
236.210067,0.459994
268.545688,0.254997
226.840092,0.336994
161.785844,0.150006
166.382872,0.179002
151.142136,0.379987
527.326507,0.299000
548.438159,0.441997
115.970563,0.393000
201.277594,0.151998
195.609893,0.145998
126.005621,0.223998
263.092980,0.339991
153.355339,0.491947
809.988585,0.845047
632.547436,0.293989
390.020399,0.497998
407.292451,0.210948
274.585548,0.288999
598.929936,0.805003
515.728141,0.379995
431.438526,0.246996
72.656854,0.462987
759.932659,1.416001
302.279645,0.486999
316.674668,0.636003
502.271403,0.574999
598.072093,0.395992
206.426407,0.700992
442.613610,0.671996
347.519159,0.521985
248.894878,0.245998
215.884455,0.183008
347.747940,0.831997
212.436126,0.292999
201.631806,0.176999
751.415097,0.657995
1161.002814,1.181003
624.801598,0.505001
911.616479,0.992994
957.516621,0.563990
613.336719,0.522004
207.819960,0.406000
533.526677,0.272993
451.728258,0.361991
355.717598,0.340999
105.691912,0.236994
122.297841,0.185019
356.902724,0.225991
582.177041,0.536009
568.074791,0.344004
697.734528,0.480007
263.563912,0.163996
295.284271,0.881007
62.242641,0.175012
143.963990,0.728006
602.401876,0.390988
64.556349,0.116997
208.561970,0.395000
378.074762,0.505012
181.727922,0.538993
132.183766,0.255007
543.434232,0.756997
336.548730,0.725005
578.124578,0.224993
551.462928,0.418002
277.874726,0.330004
508.822896,0.428999
806.321008,0.935007
415.869452,0.398010
113.419834,0.195988
288.001532,0.365006
663.444655,0.872003
480.670590,0.625013
262.247309,0.345997
676.514438,0.595006
734.147948,0.579004
70.284271,0.108002
870.509113,0.668006
713.481814,0.361001
76.721349,0.096995
764.367926,0.532992
158.105174,0.366997
598.764954,0.533995
640.848928,0.550996
88.578262,0.129999
529.758254,0.574993
247.610183,0.482992
369.996202,0.407991
115.485281,0.399003
200.932369,0.204999
80.899495,0.235994
537.325384,0.548998
800.647818,0.726993
182.558834,0.161998
199.819950,0.243987
214.860130,0.190015
367.572679,0.314997
421.709794,0.475045
175.953039,0.172995
277.176542,0.311052
792.333379,0.716002
266.769796,0.175991
283.063543,0.646006
429.390303,0.506999
283.103942,0.624010
268.206631,0.666993
668.303628,1.385003
225.911688,0.461992
417.200058,0.532987
175.526912,0.282032
222.187203,0.622986
185.497475,0.293003
133.041631,0.602991
479.597069,0.412000
211.628979,0.142992
662.847251,0.821992
453.996864,0.510001
227.037252,0.235996
177.307136,0.201004
262.540347,0.286998
631.559714,0.793002
267.041631,0.653008
381.215688,0.587001
204.741078,0.184987
782.837794,0.842985
544.924127,0.442987
91.721349,0.183991
414.259382,0.256003
211.685339,0.286991
297.935472,0.207002
501.789871,0.518001
288.227601,0.342991
118.142136,0.785995
592.543916,0.826993
195.071068,0.485005
262.736542,0.161997
831.675334,0.515006
451.080405,0.679992
485.013099,0.381005
136.313708,0.278002
408.612263,0.473988
564.190899,0.885992
200.556349,0.282999
171.422452,0.136010
575.363078,0.484003
567.846549,0.705005
171.028485,0.187995
204.785844,0.178002
353.435450,0.230949
485.506137,0.473980
239.178436,0.327992
870.210193,0.692004
428.193037,0.304006
280.071358,0.278993
345.347482,0.319008
803.671526,0.779988
1084.112343,0.922994
602.162533,0.507001
282.448319,0.499999
219.625455,0.182991
668.898114,1.308990
255.150903,0.370005
610.196879,0.499989
828.892302,0.614000
824.044265,0.974956
404.469745,0.786998
543.808589,0.341992
139.561970,0.171990
485.245207,0.441969
731.342978,0.497994
328.596086,0.395990
251.528154,0.373976
598.878597,0.564992
127.549776,0.325993
780.682187,1.106001
955.522940,0.700993
298.761423,0.398981
443.028947,0.419006
109.727922,0.492999
139.635232,0.484992
162.899495,0.417996
498.029200,0.474001
619.776178,0.633987
245.040678,0.608989
357.996192,0.552996
192.931417,0.403042
383.662042,0.575004
340.436105,0.631004
374.007569,0.203996
286.416227,0.357990
224.094118,0.220996
673.340289,1.062004
163.714777,0.151000
163.442699,0.156995
223.291134,0.283001
727.792032,1.353000
240.624590,0.154992
568.807576,0.966998
948.370997,1.247005
634.058047,0.589989
241.727922,0.520985
351.334313,0.187993
360.909784,0.797996
954.993717,3.166985
92.656854,0.179998
64.000000,0.168994
277.041631,0.885996
1075.465429,0.939003
710.988287,0.554990
590.307716,1.134011
136.307136,0.220996
275.078664,0.172993
595.888954,0.560990
857.921454,0.639990
260.449271,0.560994
72.242641,0.163991
470.794807,0.403991
512.981772,0.778006
165.450514,0.267988
789.251541,1.235999
90.656854,0.322955
274.354583,0.570993
1035.794301,2.738988
532.487590,0.394992
741.020805,0.800000
142.721349,0.255997
382.872252,0.712993
194.656854,0.328954
162.656854,0.930995
67.556349,0.228001
391.231028,0.813992
64.727922,0.136009
118.627417,0.512991
636.740644,0.697005
536.984653,0.817989
993.648400,1.463988
263.792707,0.467001
481.785850,0.539988
323.111461,0.302993
458.422452,0.808010
491.970563,1.171000
423.738883,0.715043
505.470635,0.383992
307.954757,0.327002
319.184056,0.579999
679.422028,1.473996
200.485281,0.213990
604.118317,0.420001
181.370679,0.389994
466.796663,0.355000
521.190629,0.914005
157.337815,0.168992
232.812031,0.897006
496.967427,0.743004
132.307136,0.704997
308.551182,0.209991
1392.798766,1.826999
605.853011,0.534004
576.338749,0.286997
108.213203,0.453000
921.953365,0.517993
121.384776,0.386997
334.713596,0.388984
440.089447,0.402993
269.064681,0.244997
408.434222,0.631998
475.096198,0.402996
168.252650,0.156004
299.379755,0.702946
210.952377,0.170994
187.082309,0.233999
500.124697,0.256986
209.396970,0.531994
367.109334,0.360998
221.587029,0.274015
864.254463,1.172996
207.128990,0.193986
821.162656,0.499002
653.487926,0.400996
225.373173,0.371998
606.320342,0.334979
193.732591,0.224001
580.599624,0.354959
331.195680,0.215015
774.637038,0.570004
82.071068,0.411983
803.996060,0.456998
1008.670855,0.894002
297.511862,0.537043
653.446855,0.379991
434.832868,0.430988
481.891028,0.575995
422.595426,0.219002
107.970563,0.346979
711.454165,0.342041
483.699988,0.247996
240.325912,0.192992
414.137705,0.404990
159.908262,0.157994
642.453202,0.313946
166.322476,0.162995
634.101591,0.571988
853.008156,0.546005
599.643054,0.241001
530.537211,0.792012
709.598375,0.847994
376.454112,0.420992
298.241699,0.204993
196.313708,0.534049
462.878142,0.280003
507.478667,0.433998
284.481483,0.236005
363.479289,0.411997
191.513767,0.245008
188.727922,0.169016
316.331314,0.588010
607.784402,0.383006
185.206631,0.390978
592.523101,0.375951
182.843767,0.182001
171.930174,0.436004
468.517907,0.435995
138.597980,0.264004
825.371535,1.429997
401.393742,0.333997
232.619892,0.455002
264.962819,0.202004
145.213203,0.222002
339.378551,0.409987
228.705348,0.439998
1051.926371,1.419005
582.926165,0.355999
181.949893,0.349994
584.659619,0.934004
253.843767,0.697001
501.168412,0.395003
250.807757,0.256045
232.812217,0.322003
378.447657,0.703004
731.717141,0.512002
626.495881,1.000998
154.798038,0.248994
380.642001,0.398000
838.290634,0.731003
198.142136,0.412009
168.950845,0.234999
543.945203,0.359992
353.599098,0.256997
449.273782,0.206005
348.717389,0.366996
544.037723,0.859002
711.595033,0.745004
257.804610,0.361999
378.622228,0.200993
485.726598,0.299992
524.849119,0.720006
236.971805,0.443008
414.190929,0.594000
586.348766,1.860008
989.128283,1.455005
535.138981,0.435985
214.030679,0.221008
229.286466,0.205014
737.830600,0.507992
427.985501,0.423997
263.272368,0.283987
192.601126,0.163963
218.429553,0.547002
627.746742,0.624959
95.656854,0.795010
122.206631,0.134996
522.329918,1.041005
655.494639,1.061012
1043.497584,1.421010
555.197912,0.467995
181.870058,0.472989
386.403832,0.453988
487.264025,0.693000
397.330186,0.312003
555.405599,0.772994
149.828427,0.255000
208.538587,0.377999
262.680961,0.288998
260.645375,0.306997
178.348766,0.292973
56.414214,0.981004
1403.880709,1.637001
281.692902,0.153997
98.970563,0.146000
533.259803,0.581003
96.242641,0.193004
795.080858,0.809997
314.860535,0.390008
158.270174,0.286999
140.183766,0.207994
541.951897,0.356993
485.279867,0.523004
267.334669,0.467003
319.485281,1.047008
222.584834,0.227000
185.384776,0.667988
352.012193,0.840006
120.828427,0.496005
225.542542,0.226996
349.597712,0.188997
1348.523057,2.542017
309.983998,0.416000
154.171863,0.161012
624.764408,0.461995
316.696448,0.178989
700.183004,0.447991
438.912607,0.352001
123.792417,0.367997
185.827475,0.224001
79.792417,0.267998
479.045388,0.494049
239.768611,0.210983
465.901607,0.535992
110.721349,0.231012
480.231318,0.706999
335.205679,0.897998
731.536921,0.875999
529.956465,1.002002
595.704500,0.409991
307.390188,0.181000
283.601126,0.326005
589.593030,0.395989
640.336689,0.702994
886.700022,0.656009
470.260150,0.692997
546.085756,0.446989
304.981286,0.461984
377.865151,0.391992
571.335911,0.763006
564.699727,1.009000
92.242641,0.727007
244.870058,1.865001
916.893552,0.929003
507.680299,0.703009
3865.813475,6.766024
146.556349,0.316002
647.438422,0.404994
502.497371,0.255003
294.780794,0.469999
1428.326131,0.880992
801.918195,0.625996
92.970563,0.226992
177.788039,0.179998
756.150810,0.629003
101.455844,0.156001
315.012089,0.654941
81.071068,0.193006
81.242641,0.443998
365.627361,0.351998
541.205679,0.883997
433.209539,0.500998
331.648273,0.378987
1071.454151,1.198982
131.656854,0.508999
58.000000,0.488991
435.586367,1.274993
1082.682422,0.911997
266.529106,0.311998
398.278070,0.324997
132.071068,0.209997
751.221918,2.678987
76.378204,0.102997
144.242641,0.701998
334.154329,1.337991
71.414214,0.310007
465.912930,0.973999
59.828427,1.082997
689.745271,0.410992
454.283684,0.797001
995.559015,0.523990
303.626465,0.620996
105.656854,0.466988
88.970563,0.459010
103.656854,1.363004
71.828427,1.946992
449.827775,0.747991
165.788039,0.178025
893.509984,1.296999
636.411222,1.003998
170.242641,0.697003
99.727922,0.765004
488.801236,0.638993
361.882675,0.715000
279.289892,0.901989
719.599222,1.934001
290.071068,0.816991
311.172815,0.339002
1702.186898,2.313992
454.999048,1.186006
173.899495,0.202996
158.656854,0.397998
881.222486,0.785005
578.953886,0.339984
136.071068,0.348001
290.525028,0.290003
94.242641,0.413999
487.879725,0.456996
105.727922,0.776996
62.071068,1.141002
341.103942,0.375002
125.506242,0.142994
655.384125,0.850998
725.147686,0.374993
446.006654,0.478986
111.878825,0.164996
374.331533,0.442987
122.556349,0.338006
60.242641,0.248990
90.485281,1.084006
437.407964,0.219990
651.122877,0.291002
950.376658,1.128991
516.606081,0.401001
73.035058,0.142994
739.381216,0.288991
708.766699,0.419992
518.950763,0.693996
593.105652,0.421004
652.838344,0.901995
186.260175,0.182999
372.238430,0.172993
765.431163,0.316993
416.345761,0.320004
300.608413,0.427003
351.119995,0.357002
406.567311,0.489999
118.620844,0.184995
264.140784,0.168997
197.476700,0.282996
810.459571,0.907993
776.267695,0.781995
288.685111,0.247995
286.720780,0.154985
798.820483,0.543998
667.438598,0.602997
176.991200,0.107001
728.546549,0.728001
51.549776,0.201987
114.248261,0.185996
144.277699,0.311008
101.850340,0.216992
189.455844,0.617996
509.342747,0.409998
592.800934,0.473997
301.494147,0.324004
469.650043,0.973998
276.755775,0.175989
62.000000,0.384005
208.981524,0.172993
178.246077,0.221999
409.515503,0.309996
260.673746,0.213008
94.642757,0.138008
137.627417,0.296990
406.919332,0.334994
220.083261,0.548997
280.569990,0.199004
222.538297,0.326000
787.521719,0.806998
526.824306,0.686999
281.490250,0.240995
360.476804,0.804998
116.820902,0.333000
259.135563,0.386004
414.635013,0.443992
166.899495,0.278003
428.783950,0.464998
282.490902,0.344995
193.695349,0.157956
519.176832,0.729999
234.525960,0.248000
166.671242,0.206007
301.669048,0.566002
185.520339,0.617993
125.921407,0.177998
284.106126,0.636003
58.656854,0.132000
461.008141,1.299014
584.016927,0.588953
84.727922,0.227994
310.005621,0.697007
349.589503,0.753005
197.142136,0.665001
489.012483,1.072006
750.873565,0.703999
430.361250,0.616002
1078.513423,0.700997
400.592780,0.279007
341.602368,0.529995
141.071068,0.662996
135.620844,0.230004
450.299797,0.745001
398.466143,0.451996
230.884445,0.288998
597.713163,0.836995
192.706300,0.395001
223.798990,0.932950
698.190992,0.524012
206.984950,0.631997
594.650467,1.366001
479.369727,0.657948
87.071068,0.300997
1373.614569,2.334996
522.455631,0.402999
331.020960,0.371004
120.242641,0.753996
497.713825,1.011989
922.395292,0.824980
253.271126,0.407003
230.124420,0.329998
316.812425,0.620994
184.212251,0.443004
217.840620,0.825993
51.242641,1.031043
197.105174,0.248986
846.388117,1.208997
582.667448,0.613003
179.171863,0.297000
405.239172,0.329988
473.347192,0.449000
246.045195,0.674004
103.828427,0.259996
272.354387,0.745999
605.346543,0.420997
226.435174,0.529996
633.145175,0.542996
807.301369,0.588990
982.722849,0.934004
488.852633,0.728996
154.914835,0.299991
254.287470,0.215997
294.110739,0.153993
467.089687,0.454997
150.892922,0.170043
137.798990,0.222989
137.242641,0.281001
516.852296,0.637996
254.209539,0.356000
739.041000,0.916998
449.302287,0.433999
516.424223,1.087006
205.300563,0.227997
524.408211,1.258001
402.690960,1.009010
291.584834,0.782008
445.556481,0.836004
205.694106,0.467051
417.855944,0.553992
250.932369,0.306999
353.348125,0.364994
432.079492,0.562996
154.171381,0.139002
317.450595,0.442005
234.444893,0.187013
220.870058,0.542000
532.413261,1.457994
177.307136,0.259008
173.520339,0.183998
182.478709,0.519999
269.063967,0.417995
288.836666,0.694994
140.478709,0.301954
181.095175,0.422992
128.485281,0.183989
450.840516,0.625996
368.156919,0.204000
734.151198,0.539994
638.081420,0.547001
333.647145,0.523999
324.279893,0.308008
516.613841,0.546996
753.890301,0.382990
254.160912,0.459996
236.410125,0.326991
436.396655,0.365999
815.783940,1.987013
223.934553,0.604999
666.487227,1.365003
507.969611,1.303008
400.513767,0.923007
441.745736,0.734998
591.435744,1.306991
478.839668,1.341010
373.732591,0.718993
208.848435,0.224997
801.991327,1.559999
600.769553,1.927992
89.828427,0.619992
274.455844,1.190005
329.762980,0.971000
198.313708,0.887000
582.793659,1.158007
513.238823,0.348999
393.861881,0.472995
685.067266,0.497999
158.987569,0.208995
151.325902,0.250006
538.681612,0.466989
503.633462,1.081993
243.297841,0.725996
197.064495,0.262999
196.097369,0.327006
220.656626,0.227002
791.756883,0.733995
718.568728,1.211004
449.699727,1.348001
64.414214,0.365006
505.153377,1.544951
186.041631,0.814000
97.313708,0.269996
281.999048,0.734005
183.899495,0.884961
635.839842,0.754000
212.817662,0.249995
232.870358,0.293996
197.655902,0.491995
591.652805,0.411002
420.540299,0.365002
303.111746,0.627997
406.743161,0.323003
446.597980,1.540998
389.446122,0.244995
149.224165,0.207998
185.098601,0.266995
609.745734,0.372989
464.548011,0.606995
278.715915,0.277988
75.656854,0.272005
76.071068,0.763019
486.891018,1.097003
188.979330,0.233999
426.024293,0.442988
980.298567,0.937006
393.246014,0.319990
306.393543,0.495002
51.242641,0.173999
1002.484488,1.676990
659.774605,0.595005
154.355339,0.248040
343.483677,0.437995
172.163096,0.210999
500.378194,0.333004
1050.322920,0.542997
406.609827,0.500007
357.743262,0.497994
396.915445,0.297003
102.727922,0.349999
70.556349,0.137007
429.522063,0.361002
403.256396,0.314003
731.852601,0.567994
145.970563,0.373002
400.170329,0.535999
339.435174,0.556987
713.344202,1.159001
522.663241,0.564003
687.762174,0.267989
147.076699,0.119999
635.118296,0.651003
684.284836,0.634003
147.698485,0.437949
179.017814,0.281004
871.942110,1.605002
135.506242,0.146988
606.626864,0.447991
399.997239,0.364987
757.320199,0.887996
160.899495,0.269005
260.112392,0.137986
343.141474,0.502996
120.355339,0.191989
476.928280,0.628003
208.057394,0.145003
57.242641,0.587995
163.901689,0.193999
1233.438890,1.998993
426.488056,1.066994
118.714777,0.120995
548.650985,0.416993
407.267800,0.707994
817.911210,0.860996
243.103299,0.583996
233.645375,0.186006
253.733304,0.166991
653.605396,0.439998
174.911688,0.481005
579.986708,0.683008
285.733543,0.503002
574.158414,0.663002
205.908552,0.223995
705.652838,0.558949
549.493096,0.959000
280.211299,0.479007
614.618179,0.530004
473.304303,0.394996
332.941198,0.223999
177.727922,0.399035
437.426417,0.922006
232.820902,0.256997
261.911688,1.022000
708.904720,0.413944
429.277528,0.342991
476.576086,0.500993
275.123660,0.747989
741.939231,1.168000
146.627417,0.797995
81.899495,0.202013
186.098601,0.770998
300.414504,0.498992
603.754540,0.561003
421.445167,0.274042
372.548143,0.205947
469.332765,1.401982
592.231980,1.029989
586.519687,0.897995
498.676337,0.419996
129.477757,0.247005
438.798614,0.623006
587.699612,0.638993
139.798990,0.291009
387.293757,0.278003
836.531765,0.682997
149.730116,0.176997
404.958118,0.182991
774.680579,2.200992
457.415456,0.530991
248.693154,0.571991
226.112698,0.782001
668.867646,0.757001
149.307136,0.204002
502.505290,1.332001
745.792987,1.810017
175.114893,0.241001
91.485281,0.603993
1015.423695,2.276001
294.260465,1.250951
409.283684,0.418950
531.239784,1.534996
134.564164,0.175996
112.041631,0.195000
576.000714,0.550004
335.555489,0.347998
695.735415,1.279001
109.306184,0.298996
454.609432,0.385999
558.209203,0.568001
173.898543,0.406994
133.828427,0.526006
297.882251,0.753996
512.742205,0.512006
151.086408,0.149006
568.271178,1.040995
773.064779,0.433999
224.510630,0.238994
667.279655,0.790996
270.941125,1.120992
328.855008,0.464996
466.128038,0.890967
76.213203,0.236013
366.910736,1.045993
808.831191,3.760005
94.656854,0.383002
107.485281,0.284997
137.899495,0.990996
421.694807,0.705003
336.554445,0.485997
59.656854,0.618995
356.374021,0.642005
565.226970,1.390003
149.613743,0.176007
687.183072,0.541003
764.295500,0.511007
225.413261,0.571004
250.679057,0.300999
616.420784,0.616999
483.242206,0.352989
220.971805,0.503997
261.391959,0.440002
77.727922,0.408034
704.740637,0.382000
656.906439,1.004991
586.413023,0.957005
667.492303,1.284999
357.208825,0.468001
131.485281,1.445993
454.278655,1.030005
633.788279,0.850992
77.242641,0.234004
763.646232,0.675050
363.817114,0.291945
333.493520,0.675952
203.009481,0.151041
1044.781104,1.993000
386.027362,0.292951
695.130397,0.566004
718.828997,1.292988
96.899495,0.197009
418.998096,1.040991
205.079307,0.183994
1041.926054,1.359951
876.586011,0.939000
251.999048,1.061003
400.932749,0.295985
650.201493,0.385984
316.315375,0.331989
828.250853,0.722943
804.881505,1.209002
639.654927,1.455992
387.659790,0.522996
468.210347,0.701991
408.351251,0.960004
121.307136,0.199988
970.606375,2.258005
226.505569,0.150998
440.974279,1.194002
210.242641,1.727004
118.242641,0.893006
133.071068,1.103008
362.899495,1.567004
211.828427,1.873004
800.092028,2.456009
248.142136,0.855005
296.112698,0.967003
1485.315525,3.200000
1354.049933,1.935007
212.384776,0.552989
763.390211,1.133994
154.556349,0.325991
707.377020,0.563986
341.750305,0.213993
232.301805,0.224993
299.750135,0.466980
320.591831,0.175986
1040.390987,0.816004
478.905452,0.558010
881.521775,0.698991
72.870058,0.112998
252.506956,0.318996
576.458521,1.110000
159.112698,0.612984
83.485281,0.501996
657.507128,1.233999
838.363469,0.708998
431.708494,0.726002
75.485281,0.245006
558.599327,0.692000
338.248261,1.282003
797.030742,1.305992
482.083261,1.204057
508.177193,1.929038
572.809581,0.288999
636.183851,0.653981
623.374806,0.708994
654.562693,0.656985
173.834048,0.443988
163.451466,0.398992
615.705676,0.457002
399.058108,0.358004
424.549125,0.631993
562.084503,1.150009
151.656854,0.228013
175.727922,0.253006
170.313708,0.214000
146.656854,0.388984
381.556349,0.983018
361.970563,1.165015
176.556349,0.236006
209.269222,0.370997
906.227168,1.374988
494.301805,0.743997
576.505300,0.663007
317.444893,0.261000
400.555397,0.987001
875.109154,1.332997
397.599842,0.323005
108.384776,0.815001
300.792417,0.489001
280.583882,0.392993
208.727922,0.304010
227.828427,0.750003
402.213203,1.108000
196.556349,0.283000
64.414214,1.060005
163.378204,0.327991
160.242641,0.402994
251.136805,0.352992
177.135563,0.233998
190.597980,0.415003
1173.801807,2.790998
168.254834,0.326979
103.414214,0.220997
857.124375,0.974003
752.130131,0.580994
642.176241,1.467974
228.242641,0.590995
286.455844,0.698000
518.319329,1.175005
858.397830,1.697006
260.927980,0.275000
307.083261,0.902998
188.180630,0.273009
263.282367,0.369980
841.473006,1.200001
677.717551,1.290993
203.006863,0.246004
194.999048,0.386999
457.217872,1.032999
257.079835,0.550995
278.784892,0.987987
219.892922,0.226997
88.142136,0.407001
59.828427,0.756997
327.593601,1.355996
120.556349,0.293999
699.302375,1.590010
60.000000,0.410999
222.128038,0.312996
57.414214,0.201999
179.543204,0.314995
238.627417,0.403996
433.170621,1.075000
99.414214,0.430999
118.313708,0.273999
631.037852,0.626987
467.192957,0.781992
465.463659,0.946998
215.293038,0.255999
223.695349,0.233997
251.914835,0.222991
77.000000,0.888002
695.114316,0.767990
302.794992,0.652012
700.323675,1.483000
844.635284,2.486006
144.627417,0.261991
745.936372,0.632000
577.218824,2.063985
597.317425,1.744996
466.614562,0.649009
377.766416,0.628015
254.872252,0.292000
374.662475,1.162998
683.349357,1.567006
162.834048,0.463995
228.455844,1.118995
863.206055,0.684005
382.584087,0.235999
396.991533,0.895977
164.254834,0.593982
688.251038,0.322979
720.304393,0.782001
671.651887,1.057984
273.524056,0.365001
369.692492,0.427995
157.277699,0.210978
489.930237,1.160999
281.338095,0.413990
738.900570,0.353993
241.245125,0.367007
259.040678,0.661989
717.834269,0.584003
401.145862,0.554012
490.700297,1.233016
159.141184,0.359003
289.499017,0.213996
661.823837,0.460994
586.708814,0.558989
101.934553,0.527992
180.597980,0.461002
486.391411,0.588999
808.048185,0.373989
913.359989,1.255989
142.769553,0.261953
233.804610,0.529994
497.973780,1.275986
254.470232,0.324996
663.194592,0.564991
280.345863,0.287997
840.825055,0.493002
75.698485,0.265997
424.901161,0.406004
518.183975,0.542988
321.864065,0.494001
341.450063,0.258991
211.005621,0.425053
231.266747,0.220012
747.432760,0.609990
602.167991,0.427991
187.098601,0.290015
282.450757,0.201007
909.545834,0.842003
595.800004,0.712998
474.613215,0.823998
466.738673,0.348997
176.698485,0.642997
168.112698,0.557988
197.072310,0.189056
1581.409595,0.954987
432.925909,0.482991
202.112698,0.496996
259.589223,0.220999
614.702820,0.459000
450.937136,0.780999
202.379446,0.205990
708.114972,1.411004
673.594766,1.029996
337.500911,0.406955
161.791465,0.222990
693.362670,0.584994
376.492144,0.558007
542.894878,0.423998
149.455844,0.432996
606.572687,0.432003
193.869106,0.276996
475.581662,0.286046
945.721394,1.303987
715.061750,0.731990
735.795098,0.669995
699.719152,0.385999
427.182814,0.770992
423.519387,0.940005
495.417940,1.051977
403.743262,0.854004
329.684397,0.466004
498.272658,0.796999
244.004668,0.456996
438.891608,0.541012
523.169655,0.353999
552.545301,0.393999
153.756407,0.267005
394.924929,0.302999
231.929222,0.350996
1174.591221,1.242995
515.690327,0.727048
248.843239,0.229001
225.466805,0.191992
569.149951,1.038006
109.627417,0.327951
410.233212,0.923995
307.969911,0.460996
445.086180,0.671990
299.908262,0.412019
257.829669,0.356003
547.863327,0.551989
298.724538,0.554015
110.526912,0.185003
670.989265,0.394993
132.870058,0.327994
211.717261,0.188040
261.850949,0.444993
556.026063,0.599000
680.102061,0.660990
565.542160,0.844005
190.870058,0.584991
363.720687,0.683997
331.548162,0.622006
288.478047,0.262988
219.080125,0.289996
401.978900,0.359993
695.062050,1.179995
711.165244,0.599985
269.835590,0.207996
537.309211,0.494008
525.528959,0.756998
302.916792,0.127993
470.119320,0.572983
626.715212,0.445003
269.010759,0.176993
284.096697,0.374989
221.863485,0.576027
84.656854,0.442006
168.206631,0.515997
927.613819,0.589045
85.656854,0.737997
86.071068,0.251011
297.804621,0.287002
461.158557,0.325004
321.236591,0.490994
878.284613,1.506996
229.908262,0.209005
73.828427,0.436990
279.369727,0.346989
340.753554,0.318993
876.403092,0.988999
86.000000,0.287007
1081.413936,1.278995
221.568542,0.579993
240.225407,0.609998
266.191824,0.271993
278.035058,0.901995
167.485281,0.345999
313.121150,0.220005
518.174673,0.424004
198.557602,0.177984
173.446135,0.198987
635.531761,0.340993
536.754195,0.542002
232.421076,0.389002
501.683016,0.655007
119.071068,0.163008
168.691912,0.474997
169.478709,0.135994
286.735085,0.238997
278.655146,0.350998
141.194727,0.238993
733.697098,0.608000
1593.878053,1.835998
555.149117,0.453010
367.526465,0.552995
199.313708,0.362988
234.862533,0.356995
363.847464,0.201990
400.281135,0.672977
276.947790,0.229974
337.181220,0.219040
103.970563,0.395007
190.899495,0.852003
1437.946754,1.063000
390.825717,0.222981
1131.911714,1.043988
939.851621,1.398997
177.070116,0.423999
303.865980,0.383947
105.455844,0.306010
118.028485,0.173003
820.049026,0.632995
113.307136,0.195007
86.071068,0.405005
845.426907,0.747003
616.088840,0.568993
359.729588,0.499003
363.493810,0.554001
270.068211,0.449993
360.614862,1.056008
516.904424,0.503982
78.870058,0.148996
116.350961,0.280998
439.997144,0.871004
278.355339,0.858996
276.264843,0.334992
327.122190,0.321006
245.064785,0.250992
784.653426,0.397988
80.307136,0.251002
283.860658,0.413989
262.780218,0.182000
133.086408,0.141000
436.226293,0.592006
390.756516,0.306994
637.590787,1.012012
291.769553,0.571000
272.565602,0.197999
922.673588,0.682990
98.970563,0.266996
116.863485,0.186992
1538.829029,1.312990
1131.721488,1.058991
1149.410068,0.950005
595.070901,0.573000
626.100453,0.739996
1370.052123,1.441014
1513.495967,2.117998
1413.733203,1.254995
177.769553,0.389002
470.909105,0.365006
526.088240,0.635992
610.516831,0.660000
371.856540,0.632999
422.535209,0.372000
181.478709,0.191996
231.155291,0.370995
763.035036,0.479988
810.789067,1.243946
197.637426,0.400998
607.434329,0.303992
766.298287,0.881937
633.684174,0.398981
147.012193,0.455001
827.410100,0.960996
141.863485,0.185999
318.923892,0.387016
483.687571,0.336990
294.148770,0.222996
289.217364,0.241992
219.041631,0.560988
276.228543,0.561006
154.941125,0.376996
341.598915,0.319009
204.041921,0.215991
229.419834,0.544990
591.101923,1.175994
404.298659,0.514044
206.762028,0.208001
163.355339,0.684003
832.276210,0.786993
595.862487,0.477997
142.085455,0.223994
572.069674,0.399014
439.429110,0.540996
238.390397,0.636004
585.663197,0.327987
265.692831,0.174996
828.506287,1.129001
736.194085,0.606983
383.514813,0.426954
191.049869,0.174001
215.772885,0.314990
608.680371,0.700000
234.325902,0.731989
639.770502,0.281998
556.314138,0.675994
102.064495,0.401998
454.198409,0.312999
121.378204,0.308013
184.955523,0.153998
407.517694,0.812992
214.718550,0.168992
713.706731,1.347996
181.336863,0.180000
323.942368,0.740996
872.245328,0.467994
873.152433,0.747005
504.145953,0.568997
532.738195,0.742994
178.455844,0.400005
473.672084,0.519987
317.319121,0.209993
117.058212,0.094978
640.115187,1.347001
294.318377,0.691982
203.762980,0.694008
507.005249,1.126994
233.665911,0.212997
1435.659382,2.186006
377.590455,0.800950
385.173764,0.478994
470.487216,0.787994
554.911989,0.785994
224.313708,0.703995
643.560194,0.730003
530.338898,0.323998
802.960961,0.934011
591.503099,0.357995
94.891970,0.154992
523.234710,0.514000
111.313708,0.262994
438.327144,0.739000
729.721774,1.414989
581.097532,0.351999
818.770296,1.070005
132.248261,0.167991
256.683435,0.482991
266.449985,0.305007
269.910616,0.425997
417.413685,0.568001
235.313708,0.619999
237.753580,0.169997
615.634623,0.760986
708.497446,1.259000
468.638658,0.803001
275.329639,0.186995
260.870058,0.997991
915.293328,1.816004
1033.392209,2.030003
313.870058,0.964989
264.377542,0.336954
230.966184,0.190011
856.558968,1.492996
578.891634,0.583003
780.964072,0.638982
362.294581,0.453990
242.872252,0.665002
442.525970,0.385999
188.521581,0.608997
250.205979,0.242983
554.918144,0.429004
226.201300,0.392003
194.568542,0.323005
574.454722,0.378985
292.586087,0.225001
593.136133,1.502997
376.297707,0.589012
307.777987,0.439002
601.401358,1.207998
537.932617,0.545992
824.805114,0.730994
854.728521,0.571000
556.730168,0.791997
266.794611,0.217990
459.526250,0.903990
484.233636,0.494996
140.970563,0.320006
155.313708,0.255983
416.070406,0.771001
649.413261,1.759998
352.324950,1.212997
710.927980,1.880997
656.490902,1.938014
127.899495,0.549991
115.242641,0.618003
265.685339,1.139989
1089.826819,1.443999
142.775173,0.271009
1061.019110,1.566014
401.371631,0.956994
149.478709,0.190996
623.046332,0.478969
339.279893,0.699983
920.619230,2.179005
1051.791103,2.233999
752.125802,1.143010
733.011314,0.878998
797.271664,0.769008
552.787666,0.525989
352.698842,0.541996
805.352568,0.478996
100.892922,0.567999
182.182077,0.158979
60.000000,0.771996
642.292232,0.703997
321.752743,0.302977
132.698485,0.195993
823.209567,0.713993
557.305966,1.503995
896.961923,1.791994
579.954367,0.759001
297.263797,0.305990
667.054872,0.364991
479.990362,1.109996
161.098601,0.440000
498.075573,0.810996
496.273920,0.796997
53.414214,0.652002
217.153377,0.491004
74.627417,0.152003
394.024107,0.697999
839.865664,0.375994
167.978378,0.321990
269.526912,1.107995
138.593601,0.377997
240.438600,0.523007
563.571768,0.427005
503.408497,0.603989
186.147756,0.473001
179.314951,0.170997
243.430795,0.652003
144.934553,0.745996
117.442699,0.253000
281.627417,0.729994
330.330290,0.600015
153.146804,0.150985
72.614272,0.168997
643.263238,0.323051
53.556349,0.226011
109.520339,0.169998
303.974289,0.412991
286.649329,0.731007
370.333717,0.673001
91.142136,0.472997
361.654722,0.332980
607.673446,0.543000
489.660681,0.477983
343.354677,0.811004
400.113452,0.300999
640.566635,0.439000
214.398212,0.302987
792.956005,1.113002
132.028485,0.168989
54.414214,0.117997
664.828509,0.774005
226.836666,0.215989
215.991523,0.221996
325.963328,0.366995
362.493096,0.651000
73.071068,0.235021
336.885293,0.233049
607.839343,0.332995
621.106411,0.524998
1006.952743,0.539003
891.155940,0.724996
164.597990,0.207980
790.182506,1.508010
433.437948,0.680002
325.048794,0.317994
343.593606,0.235998
407.022997,0.557995
257.762347,0.218010
166.543204,0.426040
512.375748,0.671999
422.440138,0.295996
287.903211,0.449043
248.478709,0.189002
519.475190,0.650994
136.813377,0.143004
553.818046,1.190001
150.727922,1.184000
368.213504,0.568002
317.856912,1.144984
426.499943,0.414952
187.426407,0.476972
363.391121,0.380998
208.348766,0.418988
159.384776,0.789006
197.697533,0.312993
425.556929,0.669998
104.485281,0.173996
59.142136,0.321000
1573.336871,0.913007
823.655140,0.715986
463.048977,0.364998
175.071068,0.672001
171.451466,0.186992
64.142136,0.129992
128.071068,0.142995
287.578562,0.288005
201.389445,0.235988
411.294029,0.508996
260.898315,0.259995
818.138389,1.267954
235.531301,0.576001
601.500198,0.473993
250.538577,0.594997
376.710688,0.683986
301.892922,0.667013
341.291134,0.550003
480.474506,0.798005
266.064785,0.644995
334.016363,0.255993
235.315870,0.166984
140.543204,0.128989
100.414214,0.227991
414.072429,0.351998
369.291134,0.704000
174.584834,0.460994
382.150227,0.509003
324.067899,0.753998
633.380138,0.500991
230.012193,0.514000
340.032202,0.738019
195.885397,0.602944
209.905116,0.340003
315.454892,0.614990
1438.690301,1.571007
407.540553,0.694000
154.988283,0.358994
1238.149410,0.950997
87.313708,0.372981
453.187265,0.756990
1448.569390,0.995997
256.461465,0.478993
207.472850,0.694991
514.584617,1.222995
64.656854,0.400005
897.013927,0.620990
837.947003,0.853999
438.733543,0.711008
252.109986,0.385992
74.414214,0.210002
81.071068,0.383988
409.975521,0.632995
560.365140,1.648996
216.728636,0.208999
583.090205,0.877942
441.199542,0.318995
434.519387,1.144044
425.360960,1.259959
792.058492,1.841003
248.164048,0.638006
441.435754,0.500993
1009.120368,1.128996
653.897524,0.531992
248.242931,0.438000
455.940679,0.476999
1298.478958,1.633996
249.816524,0.269995
178.987949,0.284993
700.053608,0.632013
458.263949,0.507996
261.243664,0.147997
520.308703,0.515006
673.697942,0.764008
307.835714,0.351994
148.073976,0.117985
652.291530,0.653007
257.982756,0.702992
450.469599,0.865022
472.882013,0.598993
224.520339,0.583999
718.623910,0.931003
346.034430,0.212996
331.880347,0.436997
177.727922,0.628009
334.829669,0.690988
556.217321,0.768001
623.892830,0.858996
295.106126,1.266004
478.722210,0.483995
500.930256,0.482047
474.542697,0.381008
262.035058,0.522007
180.342194,0.733999
353.494803,0.553998
458.536345,0.670992
780.785100,0.616998
162.177193,0.187994
276.465749,0.210994
854.852012,0.929006
398.019759,0.275988
1134.864063,1.435988
164.720397,0.204998
374.353056,0.220992
659.402373,0.408996
192.348766,0.500997
493.112619,0.378010
563.364396,0.553990
303.870058,0.750002
193.736689,0.160004
175.449271,0.462974
639.525117,1.138996
261.963607,0.190993
816.321168,1.383002
360.726018,0.538003
322.787367,0.527993
800.223265,1.505997
227.654950,0.305992
119.556349,0.315006
239.875678,0.448993
405.948289,0.543993
209.856912,0.609007
727.229353,1.016000
501.113941,0.748001
194.994141,0.182985
77.414214,0.392994
475.892260,0.731998
382.492144,0.784995
168.313708,0.652999
352.283909,0.281004
440.526912,0.670001
572.188568,0.406997
631.357006,0.547003
408.693959,0.388008
168.143802,0.116994
133.383824,0.212988
484.613900,0.729994
256.046019,0.284991
485.006645,0.415992
71.727922,0.166000
174.856912,0.198995
534.606085,0.721999
170.164048,0.208003
212.982756,0.354002
461.637774,0.386987
416.663475,0.325998
370.170050,0.309986
165.192533,0.311998
127.485281,0.156991
195.772699,0.127990
132.071068,0.287999
461.395505,0.326999
561.422109,0.487995
906.803411,0.600001
902.178975,1.051010
412.091783,0.322991
79.899495,0.405997
238.228543,0.376007
314.806805,1.091008
181.529106,0.416990
447.886721,0.638000
231.695349,0.220003
1010.202667,0.997991
582.342401,0.555003
152.307136,0.187993
624.246746,0.963002
930.181922,0.549985
506.097902,0.674000
148.892922,0.170002
1038.349108,1.489993
874.652714,0.723001
699.429223,1.026957
1116.146493,1.566995
607.174710,0.537002
93.414214,0.245000
158.142136,0.408983
613.718503,0.938005
62.071068,0.474997
497.764222,0.904987
640.527039,0.806986
609.651904,0.908991
466.845058,0.520007
898.478214,1.255999
62.242641,0.203997
260.632933,0.383994
153.798990,0.650987
987.864849,0.751005
242.868588,0.212002
179.348766,0.388000
951.047137,0.608996
489.502356,0.443995
67.899495,0.222006
399.566668,0.276999
373.419087,0.355996
837.295874,0.541989
1305.093038,0.852003
920.582940,1.349991
199.575125,0.183990
329.226245,0.227986
953.485900,0.577001
908.989587,0.783999
142.378204,0.481007
389.201590,0.646999
103.135563,0.220988
470.399440,0.835006
231.110794,0.235000
323.201496,0.320997
209.429553,0.160991
1012.914016,0.672987
94.313708,0.210996
583.304772,0.280990
504.740422,0.350001
270.422319,0.258978
322.433818,0.177995
243.167794,0.290992
621.794621,0.455047
571.212486,0.816997
1308.348019,0.898987
1060.988593,1.007000
683.902839,0.719986
468.938088,0.696997
575.483142,0.310994
414.819338,0.427990
1039.881974,2.104997
784.378666,0.365995
265.212251,0.338007
152.900209,0.196987
578.496171,0.854008
270.189397,0.243008
407.155627,0.357990
743.418271,0.430003
289.464093,0.339001
343.461448,0.210990
299.307745,0.594005
242.578262,0.308999
410.141184,0.804986
374.700004,0.330999
62.656854,0.133003
288.362212,0.324004
445.674955,0.256978
189.769553,0.391996
665.470284,0.389997
83.727922,0.352999
1238.941900,0.876993
523.077598,0.478043
177.028775,0.233994
388.319619,0.548976
1253.662016,1.336011
334.300625,0.331997
347.520391,0.366998
526.290065,0.352994
213.261417,0.229003
296.370979,0.305995
394.849387,0.626935
240.921407,0.256003
246.137566,0.553999
484.337864,0.493999
142.726970,0.431970
156.650282,0.166002
907.165941,0.722996
464.070917,0.468014
937.754552,0.904996
108.112698,0.182997
347.308150,1.191991
656.655902,1.339995
230.142136,1.209996
108.828427,0.538003
578.128038,2.298997
700.227591,1.546996
468.264553,1.286003
940.750733,1.924000
179.627417,1.296004
183.899495,0.914998
127.656854,0.427000
265.892922,0.966004
316.899495,1.471994
239.698485,0.522989
906.750911,0.662997
772.777065,1.143992
159.707252,0.316004
204.834048,0.677038
464.367378,0.381997
250.419316,0.229005
179.662475,0.390014
257.457086,0.860002
552.589813,0.529001
301.436126,0.449994
408.817538,0.428001
176.485281,0.207997
255.124892,0.538998
228.976183,0.393981
634.936636,0.419950
994.441464,1.611008
524.241555,0.464050
231.985902,0.417010
709.929284,0.802998
1643.173379,1.063997
523.040817,0.419006
432.047694,0.413045
249.884445,0.417000
140.307136,0.181007
391.549125,0.340993
362.468290,0.233997
205.676862,0.230009
741.398284,0.690001
322.830807,0.433998
140.383824,0.278999
509.417940,0.605003
393.984019,0.292990
72.071068,0.356005
150.627417,0.755004
654.213979,0.448990
209.351385,0.154005
552.412450,0.734003
310.210259,0.186991
629.804424,0.449999
265.726018,0.436987
131.656854,0.185003
106.271126,0.582000
262.880067,0.743987
663.553171,0.863990
602.540614,0.600997
1184.934044,0.939000
577.826523,1.683996
403.130503,0.382994
524.950459,0.649012
464.220264,0.271995
499.948144,0.699991
193.549776,0.893008
267.112413,0.265989
441.379208,0.399002
448.415308,0.914000
441.022745,0.250994
271.592649,0.428994
233.185008,0.438994
224.070116,0.373990
286.790200,0.175988
388.633662,0.203992
62.122417,0.133029
332.186541,0.383993
154.242641,0.255016
155.597980,0.269991
315.876102,0.953003
497.229547,0.895995
459.379148,0.352003
405.073014,0.920988
133.215398,0.124000
458.357533,1.107000
335.384776,2.101005
254.656854,1.220994
280.021912,1.300000
392.600464,0.525990
225.691912,0.496010
367.842710,0.331993
406.083551,0.505007
207.485281,0.523997
291.109458,0.385002
281.485281,1.114994
286.336924,0.389003
292.855960,0.593991
510.143378,1.261002
452.882251,1.371968
69.414214,0.193055
194.201300,0.419012
319.259523,0.301990
303.536103,0.331999
658.732591,1.365055
483.228738,0.450982
411.824183,0.425002
318.909151,0.273999
813.748060,0.777001
686.497852,0.605999
61.828427,0.235004
128.899495,0.439997
266.597980,0.409989
346.289892,1.039995
300.755455,0.557998
164.899495,0.515997
317.021261,0.290999
245.970563,0.486993
311.054049,0.345998
360.104023,0.268001
487.430795,0.689013
215.500621,0.284997
121.422981,0.105003
200.202252,0.157999
447.424479,0.377999
389.561018,0.949994
54.414214,0.340011
127.727922,0.249005
604.309825,0.522003
640.307418,0.589987
508.035126,0.412990
406.460613,0.381992
366.790964,0.194018
400.304580,0.412004
677.962416,0.592005
607.731593,0.502989
205.454892,0.562993
372.011241,0.951949
403.012935,0.242012
278.704830,0.417997
998.855598,1.622001
617.417975,0.485997
500.502164,0.608998
294.090153,0.203995
210.691912,0.572972
233.458038,0.650006
769.719955,2.100999
124.485281,0.236992
141.071068,0.188999
113.963990,0.444998
87.277699,0.143997
140.721349,0.420999
202.134611,0.379004
245.485363,0.647001
173.328096,0.397997
685.296275,0.809997
65.828427,0.277000
248.947988,0.476999
81.727922,0.217996
511.037832,1.654000
64.656854,0.468016
270.768143,0.194951
897.742806,2.007997
739.705938,1.255005
619.477166,0.392999
403.884500,0.217997
361.000832,0.441001
391.567311,0.499000
289.049765,0.229987
398.147094,0.577001
612.996977,0.500997
921.494316,1.096999
767.929600,1.197995
327.908552,0.818002
978.792002,1.189006
111.549776,0.167996
339.887576,0.294996
382.524200,0.328993
80.071068,0.707004
72.414214,0.995002
312.803669,0.395998
156.384776,0.748998
253.727922,0.785000
511.761819,0.850988
572.849149,0.761004
294.114893,0.726997
117.798990,0.170993
136.727922,0.136005
642.057161,0.808014
171.655902,0.189996
169.284271,0.417997
581.366371,0.490994
556.866952,1.216000
291.400116,0.766002
562.532144,1.046996
410.612378,0.848002
438.857783,0.488004
228.714777,1.043009
404.676044,1.108990
203.414214,0.903007
260.177193,1.120996
57.242641,0.184992
323.972757,1.382996
218.271126,0.677989
689.428568,1.265008
126.071068,0.267996
139.242641,0.138995
554.014921,0.415998
578.906120,0.493999
238.268280,0.191019
885.256782,1.684004
291.262649,0.358999
58.313708,0.111934
528.105754,1.394009
183.269222,0.383996
117.478709,0.249996
832.481264,1.066003
268.383834,0.376987
546.901979,1.369009
197.142136,0.679991
111.242641,0.872992
328.147756,0.711997
403.378204,1.386995
479.154329,1.321003
215.656854,0.520009
437.241979,1.017008
342.834048,1.081010
417.088882,1.167999
179.146804,0.163989
339.245587,0.344988
241.353155,0.190008
211.426407,0.323006
428.179363,0.513989
179.556349,0.593011
231.101075,0.473997
353.458038,0.605998
158.597980,0.360992
345.918561,0.365998
246.660291,0.399017
228.284271,0.846997
610.330608,0.401993
1236.122183,1.185954
804.125297,0.503992
1075.346439,0.843991
242.870482,0.210006
319.357408,0.221994
207.972519,0.334002
537.655015,0.468991
387.802583,0.463994
149.953319,0.224993
321.954561,0.543994
514.721782,0.607988
506.939098,0.398003
540.787344,0.428997
163.005621,0.337987
885.183216,0.492039
423.826888,0.292999
789.252650,0.850009
331.957417,0.411997
422.876526,0.334984
623.152435,0.710993
201.899495,0.821994
826.522523,0.486007
274.992371,0.177004
294.837194,0.202997
319.537769,0.228986
239.901689,0.194002
284.048099,0.224003
606.570075,0.793953
478.699727,0.799006
422.442699,1.271989
409.023464,0.519992
542.811275,0.654004
554.862281,0.651994
1092.657365,1.512999
148.478709,0.834998
226.142136,0.504005
1170.295112,1.721020
951.279244,1.189994
554.824929,0.915993
339.807757,0.764993
290.549776,0.473006
417.065742,0.577990
1137.326100,1.811996
865.613024,2.223001
74.556349,0.835011
162.901979,0.296991
662.129537,1.189001
185.064495,0.249004
576.835772,0.901003
155.875678,0.224995
389.726970,0.980005
220.727922,1.114004
823.214157,1.037002
218.908262,0.279002
495.852814,1.296993
842.573794,0.852991
71.242641,0.553997
397.863775,0.625987
602.201255,0.629000
554.388648,0.754981
272.565116,0.491996
57.242641,0.591991
575.702956,0.753008
796.536858,0.328997
148.455844,0.222956
285.519387,0.610001
400.504563,0.369993
91.064495,0.192005
98.899495,0.294003
109.071068,0.392995
337.098383,0.271995
346.823260,0.220042
740.542669,0.458942
213.231980,0.558995
667.126012,0.396956
650.088547,0.565995
503.044016,0.806990
140.991523,0.246950
404.269477,0.368948
471.421696,0.579992
311.565696,0.283988
685.626315,0.616957
262.762980,0.443003
395.497515,0.570006
101.656854,0.579986
292.455844,1.084001
109.041631,0.251002
575.887064,1.592003
1062.153863,1.187001
350.586500,0.454006
212.684397,0.173989
435.586320,0.410999
248.299611,0.212006
215.549776,0.165014
722.825942,0.516005
489.806224,0.290999
213.735104,0.179015
727.980096,0.488996
702.916760,0.509000
638.874020,1.342005
774.944417,0.884995
208.549776,0.214001
218.253882,0.311988
597.809825,0.539997
150.556349,0.473006
344.637511,0.202994
972.570668,0.942998
142.911688,0.237001
475.295319,0.523987
453.783702,0.630990
292.347814,0.699006
131.556349,0.542990
598.804901,1.544994
228.313046,0.324995
546.110132,1.222004
462.818046,0.536004
136.970563,0.178999
119.727922,0.562980
168.580456,0.242009
202.856912,0.674006
104.005621,0.120981
495.795202,0.510997
558.074997,0.504005
129.627417,0.300994
407.290626,0.327994
380.814330,0.868004
302.625513,0.531999
157.242641,0.739998
170.261417,0.142003
236.107368,0.321995
184.218824,0.297004
483.656223,0.608007
141.792417,0.283007
814.632186,0.895005
579.220574,0.428001
430.049826,0.202998
334.946508,0.517992
547.879243,1.354004
155.877054,0.200001
157.085455,0.255998
554.284561,0.930009
419.802831,0.721996
804.290382,0.614003
176.384776,0.599999
79.520339,0.116999
381.349800,0.493996
421.609521,0.409997
57.242641,0.365051
250.675102,0.385003
219.727922,0.786013
596.774910,0.463991
317.543461,0.148009
226.708494,0.356997
326.986953,0.546016
125.348766,0.133984
309.424937,0.273009
144.899495,0.741003
438.579980,0.868010
340.848836,0.306994
390.262007,0.301991
89.414214,0.296997
81.899495,0.487002
120.727922,0.605006
480.836294,0.732991
616.200830,0.768994
129.041631,0.433003
668.947092,0.843007
268.471460,0.157999
276.286466,0.552001
272.497996,0.435993
165.520339,0.339994
78.828427,0.232004
82.899495,0.358007
64.071068,0.151006
464.258694,0.545999
434.263601,1.517000
893.938964,0.978986
517.597980,1.027004
246.963990,0.583010
81.000000,0.423004
93.071068,0.270004
115.213203,0.191996
765.877655,1.453027
136.106126,0.544992
759.495258,1.153991
467.458410,0.475005
370.476804,1.257990
472.208825,1.013004
1052.991116,1.943008
640.067274,0.677993
571.630325,1.237999
220.788039,0.199998
954.116043,0.986998
481.870948,0.399997
400.393709,0.213006
204.242641,0.153994
237.071068,0.253991
201.128990,0.521996
1106.073421,1.293020
391.021879,0.400996
3461.789720,2.731994
362.025699,0.483999
656.382800,0.608000
779.476970,0.826996
695.700294,0.712006
530.342248,0.402999
146.378204,0.230994
72.242641,0.209982
447.624590,0.262998
325.449204,0.205998
387.030151,0.713985
444.809471,0.350000
119.970563,0.250000
170.502815,0.158003
514.354387,1.938998
203.307136,0.283020
303.083261,1.587001
330.531382,0.391001
350.647677,0.356993
90.071068,0.477001
94.899495,0.720999
875.958027,0.667995
110.485281,0.293003
1057.877683,0.650991
565.180082,0.806001
361.720821,0.618998
231.712872,0.318000
372.690018,0.364002
441.453775,0.261991
917.530930,0.947995
883.716205,0.702993
490.626465,1.601996
272.748882,0.400993
149.727922,0.459998
69.656854,0.534000
541.112698,2.034995
90.242641,0.335996
1311.005588,3.686002
259.250456,0.666995
238.088882,0.503998
198.156953,0.136993
229.478180,0.192995
170.656854,0.329041
565.211322,1.237003
61.656854,0.230988
346.325902,2.179007
448.053824,1.316044
1066.741265,2.270008
65.656854,0.181997
451.405290,0.533034
